<code_scheme name="DIV">
    <option name="CLASS_COUNT_TO_USE_IMPORT_ON_DEMAND" value="100"/>
    <option name="NAMES_COUNT_TO_USE_IMPORT_ON_DEMAND" value="100"/>
    <JavaCodeStyleSettings>
        <option name="ANNOTATION_PARAMETER_WRAP" value="5"/>
        <option name="ALIGN_MULTILINE_ANNOTATION_PARAMETERS" value="true"/>
    </JavaCodeStyleSettings>
    <codeStyleSettings language="JAVA">
        <option name="RIGHT_MARGIN" value="140"/>
        <option name="KEEP_BLANK_LINES_IN_DECLARATIONS" value="0"/>
        <option name="KEEP_BLANK_LINES_IN_CODE" value="0"/>
        <option name="KEEP_BLANK_LINES_BEFORE_RBRACE" value="0"/>
        <option name="ALIGN_MULTILINE_CHAINED_METHODS" value="true"/>
        <option name="ALIGN_MULTILINE_PARAMETERS_IN_CALLS" value="true"/>
        <option name="ALIGN_MULTILINE_THROWS_LIST" value="true"/>
        <option name="ALIGN_MULTILINE_EXTENDS_LIST" value="true"/>
        <option name="ALIGN_MULTILINE_ARRAY_INITIALIZER_EXPRESSION" value="true"/>
        <option name="CALL_PARAMETERS_WRAP" value="5"/>
        <option name="METHOD_PARAMETERS_WRAP" value="5"/>
        <option name="EXTENDS_LIST_WRAP" value="5"/>
        <option name="THROWS_LIST_WRAP" value="5"/>
        <option name="METHOD_CALL_CHAIN_WRAP" value="2"/>
        <option name="FOR_STATEMENT_WRAP" value="5"/>
        <option name="ARRAY_INITIALIZER_WRAP" value="5"/>
        <option name="IF_BRACE_FORCE" value="3"/>
        <option name="DOWHILE_BRACE_FORCE" value="3"/>
        <option name="WHILE_BRACE_FORCE" value="3"/>
        <option name="FOR_BRACE_FORCE" value="3"/>
        <option name="WRAP_LONG_LINES" value="true"/>
        <option name="ENUM_CONSTANTS_WRAP" value="5"/>
        <indentOptions>
            <option name="CONTINUATION_INDENT_SIZE" value="4"/>
        </indentOptions>
    </codeStyleSettings>
</code_scheme>
